INSERT into facturas.producto(id, descripcion, precio) values(0,'Instant Pot Duo',79);
INSERT into facturas.producto(id, descripcion, precio) values(1,'Eufy RoboVac 11S',159.99);
INSERT into facturas.producto(id, descripcion, precio) values(2,'InnoGear Upgraded Essential',11.99);
INSERT into facturas.producto(id, descripcion, precio) values(3,'Nectar Mattress',200);
INSERT into facturas.producto(id, descripcion, precio) values(4,'Home Chef',100);
INSERT into facturas.producto(id, descripcion, precio) values(5,'Apple AirPods',139);
INSERT into facturas.producto(id, descripcion, precio) values(6,'Apple AirPods 2',169);
INSERT into facturas.producto(id, descripcion, precio) values(7,'Dash Egg Cooker',14.95);
INSERT into facturas.producto(id, descripcion, precio) values(8,'Nordstrom card 20',20);
INSERT into facturas.producto(id, descripcion, precio) values(9,'Nordstrom card 30',30);
INSERT into facturas.producto(id, descripcion, precio) values(10,'Nordstrom card 40',40);
INSERT into facturas.producto(id, descripcion, precio) values(11,'Nordstrom card 50',50);
INSERT into facturas.producto(id, descripcion, precio) values(12,'Nordstrom card 100',100);
INSERT into facturas.producto(id, descripcion, precio) values(13,'Fire TV Stick 4K',34.99);
INSERT into facturas.producto(id, descripcion, precio) values(14,'Affresh',11.99);
INSERT into facturas.producto(id, descripcion, precio) values(15,'Calphalon Nonstick',45.99);
INSERT into facturas.producto(id, descripcion, precio) values(16,'AncestryDNA',59);
INSERT into facturas.producto(id, descripcion, precio) values(17,'Thermoworks',6.99);
INSERT into facturas.producto(id, descripcion, precio) values(18,'Anker SoundCore',22.95);
INSERT into facturas.producto(id, descripcion, precio) values(19,'Meter Luggage',9.39);
INSERT into facturas.producto(id, descripcion, precio) values(20,'EZ-DUZ-IT Deluxe',9.90);

INSERT into facturas.factura(id, nif, consolidada) values(23, '12351349F', false)
INSERT into facturas.factura(id, nif, consolidada) values(24, '12351349F', false)
INSERT into facturas.factura(id, nif, consolidada) values(25, '12351349F', false)
INSERT into facturas.factura(id, nif, consolidada) values(26, '12351349F', false)
INSERT into facturas.factura(id, nif, consolidada) values(27, '12351349F', false)
INSERT into facturas.factura(id, nif, consolidada) values(28, '12351349F', false)
INSERT into facturas.factura(id, nif, consolidada) values(29, '12351349F', false)
INSERT into facturas.factura(id, nif, consolidada) values(30, '12351349F', false)
INSERT into facturas.factura(id, nif, consolidada) values(31, '12351349F', false)
INSERT into facturas.factura(id, nif, consolidada) values(32, '12351349F', false)

INSERT into facturas.factura_producto(factura_id, producto_id) values(23, 20)
INSERT into facturas.factura_producto(factura_id, producto_id) values(23, 0)
INSERT into facturas.factura_producto(factura_id, producto_id) values(23, 19)
INSERT into facturas.factura_producto(factura_id, producto_id) values(23, 8)
INSERT into facturas.factura_producto(factura_id, producto_id) values(23, 3)
INSERT into facturas.factura_producto(factura_id, producto_id) values(23, 9)
INSERT into facturas.factura_producto(factura_id, producto_id) values(24, 2)
INSERT into facturas.factura_producto(factura_id, producto_id) values(24, 12)
INSERT into facturas.factura_producto(factura_id, producto_id) values(25, 3)
INSERT into facturas.factura_producto(factura_id, producto_id) values(26, 0)
INSERT into facturas.factura_producto(factura_id, producto_id) values(27, 8)
INSERT into facturas.factura_producto(factura_id, producto_id) values(28, 6)
INSERT into facturas.factura_producto(factura_id, producto_id) values(24, 0)
INSERT into facturas.factura_producto(factura_id, producto_id) values(25, 1)
INSERT into facturas.factura_producto(factura_id, producto_id) values(26, 3)
INSERT into facturas.factura_producto(factura_id, producto_id) values(27, 4)
INSERT into facturas.factura_producto(factura_id, producto_id) values(28, 10)
INSERT into facturas.factura_producto(factura_id, producto_id) values(28, 16)
INSERT into facturas.factura_producto(factura_id, producto_id) values(24, 10)
INSERT into facturas.factura_producto(factura_id, producto_id) values(25, 10)
INSERT into facturas.factura_producto(factura_id, producto_id) values(26, 13)
INSERT into facturas.factura_producto(factura_id, producto_id) values(27, 14)
INSERT into facturas.factura_producto(factura_id, producto_id) values(28, 10)
INSERT into facturas.factura_producto(factura_id, producto_id) values(30, 10)
INSERT into facturas.factura_producto(factura_id, producto_id) values(31, 13)
INSERT into facturas.factura_producto(factura_id, producto_id) values(32, 14)
INSERT into facturas.factura_producto(factura_id, producto_id) values(29, 10)
INSERT into facturas.factura_producto(factura_id, producto_id) values(30, 10)
INSERT into facturas.factura_producto(factura_id, producto_id) values(31, 13)
INSERT into facturas.factura_producto(factura_id, producto_id) values(32, 14)
INSERT into facturas.factura_producto(factura_id, producto_id) values(29, 10)
INSERT into facturas.factura_producto(factura_id, producto_id) values(30, 0)
INSERT into facturas.factura_producto(factura_id, producto_id) values(31, 3)
INSERT into facturas.factura_producto(factura_id, producto_id) values(32, 4)
INSERT into facturas.factura_producto(factura_id, producto_id) values(29, 0)